[{"id":"5511932300710@s.whatsapp.net","uang":0.06},{"id":"5511932300710@s.whatsapp.net","uang":27675},{"id":"5511932300710@s.whatsapp.net","uang":946},{"id":"62852834278600@s.whatsapp.net","uang":188},{"id":"62821886594767@s.whatsapp.net","uang":99},{"id":"12084238755@s.whatsapp.net","uang":3493},{"id":"6282231780136@s.whatsapp.net","uang":184},{"id":"6281572562802@s.whatsapp.net","uang":287},{"id":"6289627545720@s.whatsapp.net","uang":753},{"id":"6285336223168@s.whatsapp.net","uang":188},{"id":"6288806115373@s.whatsapp.net","uang":187},{"id":"62818722007@s.whatsapp.net","uang":90},{"id":"6282167194715@s.whatsapp.net","uang":96},{"id":"6282347720544@s.whatsapp.net","uang":285},{"id":"6281225914053@s.whatsapp.net","uang":94},{"id":"62813409169780@s.whatsapp.net","uang":183},{"id":"6283850100644@s.whatsapp.net","uang":95},{"id":"6282328805299@s.whatsapp.net","uang":281},{"id":"6281287517029@s.whatsapp.net","uang":479},{"id":"6281273012875@s.whatsapp.net","uang":1034},{"id":"6282173231509@s.whatsapp.net","uang":193},{"id":"923206741907@s.whatsapp.net","uang":280},{"id":"628889458589@s.whatsapp.net","uang":2729},{"id":"6281224341549@s.whatsapp.net","uang":97},{"id":"6289686837666@s.whatsapp.net","uang":195},{"id":"6282216988534@s.whatsapp.net","uang":2930},{"id":"601136584875@s.whatsapp.net","uang":485},{"id":"6287871466580@s.whatsapp.net","uang":2437},{"id":"6282350631030@s.whatsapp.net","uang":194},{"id":"6281944833701@s.whatsapp.net","uang":369},{"id":"6282370531714@s.whatsapp.net","uang":662},{"id":"6283169411323@s.whatsapp.net","uang":482},{"id":"6285282442492@s.whatsapp.net","uang":566},{"id":"6285758779973@s.whatsapp.net","uang":464},{"id":"62895423457648@s.whatsapp.net","uang":182},{"id":"62856400201659@s.whatsapp.net","uang":8499},{"id":"6285865781508@s.whatsapp.net","uang":1328},{"id":"62821150775960@s.whatsapp.net","uang":38068},{"id":"6283872898929@s.whatsapp.net","uang":658},{"id":"62821349005531@s.whatsapp.net","uang":9713},{"id":"6281228174488@s.whatsapp.net","uang":192},{"id":"6285765654323@s.whatsapp.net","uang":184},{"id":"62895331406727@s.whatsapp.net","uang":18077},{"id":"6285713251704@s.whatsapp.net","uang":1990},{"id":"6281386411941@s.whatsapp.net","uang":472},{"id":"6283818719174@s.whatsapp.net","uang":763},{"id":"6281585794296@s.whatsapp.net","uang":92},{"id":"6281227592387@s.whatsapp.net","uang":93},{"id":"6289512355896@s.whatsapp.net","uang":93},{"id":"6285641213404@s.whatsapp.net","uang":190},{"id":"6282375942030@s.whatsapp.net","uang":846},{"id":"6285211588910@s.whatsapp.net","uang":1671},{"id":"6281328453226@s.whatsapp.net","uang":464},{"id":"6282135138145@s.whatsapp.net","uang":94},{"id":"6281251850438@s.whatsapp.net","uang":743},{"id":"923030233701@s.whatsapp.net","uang":97},{"id":"916353186575@s.whatsapp.net","uang":286},{"id":"923035651615@s.whatsapp.net","uang":98},{"id":"6281216090430@s.whatsapp.net","uang":99},{"id":"6282112350518@s.whatsapp.net","uang":283},{"id":"6285341004500@s.whatsapp.net","uang":93},{"id":"6285742088184@s.whatsapp.net","uang":8759},{"id":"18773931077@s.whatsapp.net","uang":187},{"id":"6285795431803@s.whatsapp.net","uang":192},{"id":"6282195044993@s.whatsapp.net","uang":188},{"id":"628998724984@s.whatsapp.net","uang":96},{"id":"6281572824424@s.whatsapp.net","uang":191},{"id":"6285755078715@s.whatsapp.net","uang":477},{"id":"6283894155113@s.whatsapp.net","uang":286},{"id":"6282159486153@s.whatsapp.net","uang":473},{"id":"6285524615341@s.whatsapp.net","uang":90},{"id":"62852819683991@s.whatsapp.net","uang":1890},{"id":"6287781138903@s.whatsapp.net","uang":663},{"id":"6283185115491@s.whatsapp.net","uang":186},{"id":"6287754686081@s.whatsapp.net","uang":188},{"id":"6287797582030@s.whatsapp.net","uang":91},{"id":"6285157041556@s.whatsapp.net","uang":193},{"id":"62895806355798@s.whatsapp.net","uang":195},{"id":"6283181734189@s.whatsapp.net","uang":99},{"id":"6285783093927@s.whatsapp.net","uang":97},{"id":"6288804328649@s.whatsapp.net","uang":8168},{"id":"6281314205935@s.whatsapp.net","uang":485},{"id":"6282290577573@s.whatsapp.net","uang":186},{"id":"6285856461539@s.whatsapp.net","uang":97},{"id":"6283164041933@s.whatsapp.net","uang":192},{"id":"6287718104871@s.whatsapp.net","uang":91},{"id":"6282268739552@s.whatsapp.net","uang":93},{"id":"6282228633973@s.whatsapp.net","uang":194}]