[{"id":"6283141727903@s.whatsapp.net","xp":1,"level":1},{"id":"6285216182994@s.whatsapp.net","xp":1,"level":1},{"id":"6283820658771@s.whatsapp.net","xp":1,"level":1},{"id":"6288270965018@s.whatsapp.net","xp":1,"level":1},{"id":"6282363245274@s.whatsapp.net","xp":1,"level":1},{"id":"6285600192853@s.whatsapp.net","xp":1,"level":1},{"id":"6282277050720@s.whatsapp.net","xp":1,"level":1},{"id":"6288233773832@s.whatsapp.net","xp":1,"level":1},{"id":"6285702102880@s.whatsapp.net","xp":1,"level":1},{"id":"6281215956229@s.whatsapp.net","xp":1,"level":1}]