[{"id":"6283141727903@s.whatsapp.net","name":"iky","age":"19","time":"20/02 17:11:26","serial":"7e46111e3a43ada735ad"},{"id":"6285216182994@s.whatsapp.net","name":"IKY","age":"18","time":"20/02 17:15:59","serial":"4a03c39d227e4f03ee73"},{"id":"6283820658771@s.whatsapp.net","name":"fazar","age":"14","time":"20/02 17:17:40","serial":"5211f07b334201d88b1b"},{"id":"6288270965018@s.whatsapp.net","name":"raehan","age":"13","time":"20/02 17:17:53","serial":"410d334e91796339cbef"},{"id":"6282363245274@s.whatsapp.net","name":"Ikaa","age":"18","time":"20/02 17:27:13","serial":"b9424d3710de1b0e52f7"},{"id":"6285600192853@s.whatsapp.net","name":"hannn","age":"19","time":"21/02 20:50:47","serial":"7a22dd6b1fa0d0d1f460"},{"id":"6282277050720@s.whatsapp.net","name":"Monika","age":"17","time":"21/02 20:51:04","serial":"b31afa7baa4f35049a2e"},{"id":"6288233773832@s.whatsapp.net","name":"Dinni","age":"19","time":"21/02 20:51:42","serial":"c0d2c813c0c611a61a1e"},{"id":"6285702102880@s.whatsapp.net","name":"pia","age":"13","time":"21/02 21:09:25","serial":"38e5e6c79455b519352f"},{"id":"6281215956229@s.whatsapp.net","name":"Rudolph Sackville-Bagg ","age":" 16","time":"21/02 21:09:36","serial":"45c0171491bbcb448ccc"}]