[{"id":"5511932300710@s.whatsapp.net","limit":3},{"id":"5511932300710@s.whatsapp.net","limit":1},{"id":"5511932300710@s.whatsapp.net","limit":4},{"id":"5511932300710@s.whatsapp.net","limit":42},{"id":"5511932300710@s.whatsapp.net","limit":12},{"id":"5511932300710@s.whatsapp.net","limit":5},{"id":"5511932300710@s.whatsapp.net","limit":7},{"id":"5511932300710@s.whatsapp.net","limit":2},{"id":"5511932300710@s.whatsapp.net","limit":1},{"id":"5511932300710@s.whatsapp.net","limit":5},{"id":"5511932300710@s.whatsapp.net","limit":3},{"id":"5511932300710@s.whatsapp.net","limit":5},{"id":"5511932300710@s.whatsapp.net","limit":6},{"id":"5511932300710@s.whatsapp.net","limit":2},{"id":"5511932300710@s.whatsapp.net","limit":6},{"id":"5511932300710@s.whatsapp.net","limit":1},{"id":"5511932300710@s.whatsapp.net","limit":3},{"id":"5511932300710@s.whatsapp.net","limit":4},{"id":"5511932300710@s.whatsapp.net","limit":7},{"id":"5511932300710@s.whatsapp.net","limit":2},{"id":"5511932300710@s.whatsapp.net","limit":12},{"id":"5511932300710@s.whatsapp.net","limit":2},{"id":"5511932300710@s.whatsapp.net","limit":2},{"id":"5511932300710@s.whatsapp.net","limit":3}]