[{"id":"628165466368@s.whatsapp.net","limit":3},{"id":"6283844726787@s.whatsapp.net","limit":0},{"id":"628561319757@s.whatsapp.net","limit":0},{"id":"6285320394578@s.whatsapp.net","limit":16},{"id":"6285216007427@s.whatsapp.net","limit":30},{"id":"6285315260786@s.whatsapp.net","limit":1},{"id":"6285735054693@s.whatsapp.net","limit":5},{"id":"6281315995628@s.whatsapp.net","limit":2},{"id":"6285867185837@s.whatsapp.net","limit":2},{"id":"628980282228@s.whatsapp.net","limit":6},{"id":"6285607014889@s.whatsapp.net","limit":0},{"id":"6289509991360@s.whatsapp.net","limit":1},{"id":"62895622955538@s.whatsapp.net","limit":6},{"id":"6288705834498@s.whatsapp.net","limit":1},{"id":"6282295220255@s.whatsapp.net","limit":0},{"id":"62812336197600@s.whatsapp.net","limit":0},{"id":"6285281968399@s.whatsapp.net","limit":0},{"id":"6281230402629@s.whatsapp.net","limit":0},{"id":"13312765614@s.whatsapp.net","limit":1},{"id":"6289689565588@s.whatsapp.net","limit":1},{"id":"6282320689746@s.whatsapp.net","limit":0},{"id":"6285224499634@s.whatsapp.net","limit":0},{"id":"62895355566000@s.whatsapp.net","limit":0},{"id":"6281256480565@s.whatsapp.net","limit":0},{"id":"6288226395446@s.whatsapp.net","limit":1},{"id":"6282194303167@s.whatsapp.net","limit":0},{"id":"6285939326438@s.whatsapp.net","limit":0},{"id":"6283160539156@s.whatsapp.net","limit":0},{"id":"6285894217616@s.whatsapp.net","limit":0},{"id":"6285784032562@s.whatsapp.net","limit":0},{"id":"6289516799714@s.whatsapp.net","limit":0},{"id":"62895365113603@s.whatsapp.net","limit":0},{"id":"6281290956252@s.whatsapp.net","limit":3},{"id":"18313535216@s.whatsapp.net","limit":0},{"id":"62895326164393@s.whatsapp.net","limit":0},{"id":"6283832327408@s.whatsapp.net","limit":0},{"id":"6285334108824@s.whatsapp.net","limit":0},{"id":"62859196200618@s.whatsapp.net","limit":0},{"id":"6285700325917@s.whatsapp.net","limit":0},{"id":"6283836738347@s.whatsapp.net","limit":4},{"id":"6285282442492@s.whatsapp.net","limit":0},{"id":"62895803819282@s.whatsapp.net","limit":0},{"id":"6287781138903@s.whatsapp.net","limit":0},{"id":"6287754686081@s.whatsapp.net","limit":0}]