[{"jid":"5511932300710@s.whatsapp.net","xp":1506,"level":1},{"jid":"6283854962462@s.whatsapp.net","xp":504,"level":1},{"jid":"6281257286364@s.whatsapp.net","xp":1012,"level":1},{"jid":"6285691349735@s.whatsapp.net","xp":1003,"level":1},{"jid":"628995963452@s.whatsapp.net","xp":510,"level":1},{"jid":"6289653220647@s.whatsapp.net","xp":502,"level":1},{"jid":"6281328512746@s.whatsapp.net","xp":4046,"level":1},{"jid":"628165466368@s.whatsapp.net","xp":6559,"level":2},{"jid":"6281330270822@s.whatsapp.net","xp":7068,"level":2},{"jid":"6282259540677@s.whatsapp.net","xp":507,"level":1},{"jid":"6283131369010@s.whatsapp.net","xp":2013,"level":1},{"jid":"6285850760198@s.whatsapp.net","xp":510,"level":1},{"jid":"6281331005552@s.whatsapp.net","xp":5033,"level":2},{"jid":"6288213626375@s.whatsapp.net","xp":506,"level":1},{"jid":"6282126117189@s.whatsapp.net","xp":1517,"level":1},{"jid":"6285751858128@s.whatsapp.net","xp":1006,"level":1},{"jid":"6285892910131@s.whatsapp.net","xp":16126,"level":3},{"jid":"6281289544604@s.whatsapp.net","xp":7072,"level":2},{"jid":"6285702243498@s.whatsapp.net","xp":1010,"level":1},{"jid":"6282284008045@s.whatsapp.net","xp":1511,"level":1},{"jid":"6285752647262@s.whatsapp.net","xp":1011,"level":1},{"jid":"6285850527572@s.whatsapp.net","xp":504,"level":1},{"jid":"6289665440436@s.whatsapp.net","xp":1011,"level":1},{"jid":"62895415001067@s.whatsapp.net","xp":509,"level":1},{"jid":"62823864778551@s.whatsapp.net","xp":1009,"level":1},{"jid":"6281779499217@s.whatsapp.net","xp":504,"level":1},{"jid":"6283143827998@s.whatsapp.net","xp":3020,"level":1},{"jid":"6282297358232@s.whatsapp.net","xp":505,"level":1},{"jid":"6281380630932@s.whatsapp.net","xp":4022,"level":1},{"jid":"6288705834498@s.whatsapp.net","xp":3000165957,"level":303},{"jid":"6285346319139@s.whatsapp.net","xp":1522,"level":1},{"jid":"6281287215843@s.whatsapp.net","xp":24727,"level":3},{"jid":"6289669293424@s.whatsapp.net","xp":35830,"level":4},{"jid":"6283803302331@s.whatsapp.net","xp":507,"level":1},{"jid":"6281315749016@s.whatsapp.net","xp":17660,"level":3},{"jid":"6288289258620@s.whatsapp.net","xp":14623,"level":2},{"jid":"6288271925933@s.whatsapp.net","xp":23714,"level":3},{"jid":"6285379028726@s.whatsapp.net","xp":16126,"level":3},{"jid":"6285849079288@s.whatsapp.net","xp":5551,"level":2},{"jid":"6281345714199@s.whatsapp.net","xp":1517,"level":1},{"jid":"6287858322309@s.whatsapp.net","xp":32235,"level":3},{"jid":"6285157584430@s.whatsapp.net","xp":13668,"level":2},{"jid":"6283850122734@s.whatsapp.net","xp":8082,"level":2},{"jid":"6289623500206@s.whatsapp.net","xp":12636,"level":2},{"jid":"601128352060@s.whatsapp.net","xp":28737,"level":3},{"jid":"601121021074@s.whatsapp.net","xp":2018,"level":1},{"jid":"6285736983641@s.whatsapp.net","xp":1515,"level":1},{"jid":"6283846401315@s.whatsapp.net","xp":1009,"level":1},{"jid":"6289526828391@s.whatsapp.net","xp":13118,"level":2},{"jid":"60137619166@s.whatsapp.net","xp":14122,"level":2},{"jid":"17159720211@s.whatsapp.net","xp":9600,"level":2},{"jid":"6282392166099@s.whatsapp.net","xp":17153,"level":3},{"jid":"6285788193529@s.whatsapp.net","xp":6565,"level":2},{"jid":"6287850114203@s.whatsapp.net","xp":13631,"level":2},{"jid":"6282250514073@s.whatsapp.net","xp":1508,"level":1},{"jid":"6283136968410@s.whatsapp.net","xp":6553,"level":2},{"jid":"6287768985243@s.whatsapp.net","xp":1514,"level":1},{"jid":"601116939897@s.whatsapp.net","xp":2019,"level":1},{"jid":"6285942854704@s.whatsapp.net","xp":2026,"level":1},{"jid":"6288228562052@s.whatsapp.net","xp":2029,"level":1},{"jid":"6285951459447@s.whatsapp.net","xp":1522,"level":1},{"jid":"6288287451130@s.whatsapp.net","xp":17157,"level":3},{"jid":"6285321869553@s.whatsapp.net","xp":504,"level":1},{"jid":"6281222388805@s.whatsapp.net","xp":504,"level":1},{"jid":"6285218527796@s.whatsapp.net","xp":3035,"level":1},{"jid":"6288224969304@s.whatsapp.net","xp":2024,"level":1},{"jid":"60177272745@s.whatsapp.net","xp":3525,"level":1},{"jid":"6285935379225@s.whatsapp.net","xp":4540,"level":1},{"jid":"6288704673674@s.whatsapp.net","xp":36321,"level":4},{"jid":"6289523731135@s.whatsapp.net","xp":4031,"level":1},{"jid":"601125671754@s.whatsapp.net","xp":3030,"level":1},{"jid":"62895623482288@s.whatsapp.net","xp":9082,"level":2},{"jid":"60195042951@s.whatsapp.net","xp":10612,"level":2},{"jid":"5512996678271@s.whatsapp.net","xp":509,"level":1},{"jid":"601116176417@s.whatsapp.net","xp":1012,"level":1},{"jid":"6285728906836@s.whatsapp.net","xp":3526,"level":1},{"jid":"6281314969811@s.whatsapp.net","xp":3027,"level":1},{"jid":"6281216374929@s.whatsapp.net","xp":509,"level":1},{"jid":"6281217050472@s.whatsapp.net","xp":5031,"level":2},{"jid":"6282389514082@s.whatsapp.net","xp":5557,"level":2},{"jid":"6285742000421@s.whatsapp.net","xp":8584,"level":2},{"jid":"6285216408892@s.whatsapp.net","xp":1017,"level":1},{"jid":"994404663888@s.whatsapp.net","xp":5052,"level":2},{"jid":"60168347521@s.whatsapp.net","xp":1014,"level":1},{"jid":"6287771120494@s.whatsapp.net","xp":1007,"level":1},{"jid":"6285797808131@s.whatsapp.net","xp":3541,"level":1},{"jid":"6285725272047@s.whatsapp.net","xp":7053,"level":2},{"jid":"6281224741058@s.whatsapp.net","xp":1011,"level":1},{"jid":"628561319757@s.whatsapp.net","xp":8586,"level":2},{"jid":"6285854933729@s.whatsapp.net","xp":1522,"level":1},{"jid":"6283846244689@s.whatsapp.net","xp":15635,"level":3},{"jid":"62895339112834@s.whatsapp.net","xp":1511,"level":1},{"jid":"601139073723@s.whatsapp.net","xp":1517,"level":1},{"jid":"6281222429730@s.whatsapp.net","xp":29740,"level":3},{"jid":"6285641531470@s.whatsapp.net","xp":1009,"level":1},{"jid":"6285395802519@s.whatsapp.net","xp":1009,"level":1},{"jid":"62857303430648@s.whatsapp.net","xp":2531,"level":1},{"jid":"6288225783724@s.whatsapp.net","xp":4037,"level":1},{"jid":"6287726895114@s.whatsapp.net","xp":7559,"level":2},{"jid":"60135226343@s.whatsapp.net","xp":1515,"level":1},{"jid":"601136343640@s.whatsapp.net","xp":2528,"level":1},{"jid":"6285658650675@s.whatsapp.net","xp":1006,"level":1},{"jid":"6285763190221@s.whatsapp.net","xp":509,"level":1},{"jid":"60164745393@s.whatsapp.net","xp":1012,"level":1},{"jid":"60176005886@s.whatsapp.net","xp":1514,"level":1},{"jid":"601113317351@s.whatsapp.net","xp":1514,"level":1},{"jid":"6281354128267@s.whatsapp.net","xp":510,"level":1},{"jid":"6281293523757@s.whatsapp.net","xp":6561,"level":2},{"jid":"6281384837338@s.whatsapp.net","xp":2521,"level":1},{"jid":"60134902865@s.whatsapp.net","xp":1007,"level":1},{"jid":"6285691775626@s.whatsapp.net","xp":2519,"level":1},{"jid":"6283187496159@s.whatsapp.net","xp":4556,"level":1},{"jid":"6289657463023@s.whatsapp.net","xp":507,"level":1},{"jid":"62895345860335@s.whatsapp.net","xp":9557,"level":2},{"jid":"6285755846460@s.whatsapp.net","xp":8596,"level":2},{"jid":"6283103531635@s.whatsapp.net","xp":1521,"level":1},{"jid":"6281271144506@s.whatsapp.net","xp":507,"level":1},{"jid":"6289617707250@s.whatsapp.net","xp":1008,"level":1},{"jid":"6283827422789@s.whatsapp.net","xp":2522,"level":1},{"jid":"6289506233538@s.whatsapp.net","xp":510,"level":1},{"jid":"6289509696140@s.whatsapp.net","xp":2521,"level":1},{"jid":"6282159164911@s.whatsapp.net","xp":509,"level":1},{"jid":"6281284967913@s.whatsapp.net","xp":12608,"level":2},{"jid":"60136907233@s.whatsapp.net","xp":1520,"level":1},{"jid":"62895342280585@s.whatsapp.net","xp":1012,"level":1},{"jid":"6289509991360@s.whatsapp.net","xp":1010,"level":1},{"jid":"6281317555245@s.whatsapp.net","xp":2531,"level":1},{"jid":"6282399042324@s.whatsapp.net","xp":6564,"level":2},{"jid":"6285656859992@s.whatsapp.net","xp":506,"level":1},{"jid":"6282115089860@s.whatsapp.net","xp":1011,"level":1},{"jid":"6283147434339@s.whatsapp.net","xp":1013,"level":1},{"jid":"15187572348@s.whatsapp.net","xp":2019,"level":1},{"jid":"60147560863@s.whatsapp.net","xp":1521,"level":1},{"jid":"6285730240925@s.whatsapp.net","xp":1007,"level":1},{"jid":"6285753234092@s.whatsapp.net","xp":3541,"level":1},{"jid":"60137935891@s.whatsapp.net","xp":1508,"level":1},{"jid":"6289625176924@s.whatsapp.net","xp":25198,"level":3},{"jid":"6282341339794@s.whatsapp.net","xp":8071,"level":2},{"jid":"6289625146552@s.whatsapp.net","xp":1519,"level":1},{"jid":"6281223383774@s.whatsapp.net","xp":1007,"level":1},{"jid":"6285737334284@s.whatsapp.net","xp":3540,"level":1},{"jid":"6281394711428@s.whatsapp.net","xp":1513,"level":1},{"jid":"6282280035928@s.whatsapp.net","xp":1521,"level":1},{"jid":"6281511350987@s.whatsapp.net","xp":5550,"level":2},{"jid":"6283822805152@s.whatsapp.net","xp":1013,"level":1},{"jid":"6287819702781@s.whatsapp.net","xp":501,"level":1},{"jid":"6283806720763@s.whatsapp.net","xp":508,"level":1},{"jid":"6283140269734@s.whatsapp.net","xp":2530,"level":1},{"jid":"6285323415855@s.whatsapp.net","xp":2528,"level":1},{"jid":"62895803211375@s.whatsapp.net","xp":16138,"level":3},{"jid":"6285872005815@s.whatsapp.net","xp":2523,"level":1},{"jid":"6288287488410@s.whatsapp.net","xp":3523,"level":1},{"jid":"6281214907084@s.whatsapp.net","xp":1515,"level":1},{"jid":"6283119517877@s.whatsapp.net","xp":509,"level":1},{"jid":"6287780779865@s.whatsapp.net","xp":2522,"level":1},{"jid":"6283894665267@s.whatsapp.net","xp":3534,"level":1},{"jid":"62895337281415@s.whatsapp.net","xp":502,"level":1},{"jid":"6281389925194@s.whatsapp.net","xp":1006,"level":1},{"jid":"6285721690128@s.whatsapp.net","xp":508,"level":1},{"jid":"6288290528041@s.whatsapp.net","xp":510,"level":1},{"jid":"6285241840225@s.whatsapp.net","xp":1010,"level":1},{"jid":"6281389687646@s.whatsapp.net","xp":2019,"level":1},{"jid":"6285788940642@s.whatsapp.net","xp":1009,"level":1},{"jid":"553798704406@s.whatsapp.net","xp":29749,"level":3},{"jid":"6282384421495@s.whatsapp.net","xp":504,"level":1},{"jid":"6285257114177@s.whatsapp.net","xp":509,"level":1},{"jid":"5511993439492@s.whatsapp.net","xp":31776,"level":3},{"jid":"6285247027985@s.whatsapp.net","xp":3030,"level":1},{"jid":"6285641607480@s.whatsapp.net","xp":510,"level":1},{"jid":"6282291477806@s.whatsapp.net","xp":1521,"level":1},{"jid":"6285788052366@s.whatsapp.net","xp":1012,"level":1},{"jid":"6282286693594@s.whatsapp.net","xp":2510,"level":1},{"jid":"6287870936756@s.whatsapp.net","xp":505,"level":1},{"jid":"6283842372170@s.whatsapp.net","xp":510,"level":1},{"jid":"6281919352295@s.whatsapp.net","xp":2014,"level":1},{"jid":"62895702458587@s.whatsapp.net","xp":507,"level":1},{"jid":"6281272265744@s.whatsapp.net","xp":506,"level":1},{"jid":"6287861814109@s.whatsapp.net","xp":506,"level":1},{"jid":"6285693651823@s.whatsapp.net","xp":506,"level":1},{"jid":"6285156898332@s.whatsapp.net","xp":9607,"level":2},{"jid":"60194705170@s.whatsapp.net","xp":3526,"level":1},{"jid":"6281260927876@s.whatsapp.net","xp":1504,"level":1},{"jid":"6282258069145@s.whatsapp.net","xp":504,"level":1},{"jid":"6287878781877@s.whatsapp.net","xp":4550,"level":1},{"jid":"6281289584151@s.whatsapp.net","xp":2019,"level":1},{"jid":"6289668119368@s.whatsapp.net","xp":2020,"level":1},{"jid":"601124050980@s.whatsapp.net","xp":1006,"level":1},{"jid":"6281257724621@s.whatsapp.net","xp":1008,"level":1},{"jid":"6289647130415@s.whatsapp.net","xp":1007,"level":1},{"jid":"79145637134@s.whatsapp.net","xp":1509,"level":1},{"jid":"60175620720@s.whatsapp.net","xp":501,"level":1},{"jid":"6281229231479@s.whatsapp.net","xp":5054,"level":2},{"jid":"60179580187@s.whatsapp.net","xp":503,"level":1},{"jid":"6288276462600@s.whatsapp.net","xp":2021,"level":1},{"jid":"16572087338@s.whatsapp.net","xp":506,"level":1},{"jid":"6281211068536@s.whatsapp.net","xp":1509,"level":1},{"jid":"6281933279999@s.whatsapp.net","xp":510,"level":1},{"jid":"6281218317040@s.whatsapp.net","xp":1010,"level":1},{"jid":"5522981132901@s.whatsapp.net","xp":507,"level":1},{"jid":"6285708202458@s.whatsapp.net","xp":6064,"level":2},{"jid":"6289516843635@s.whatsapp.net","xp":2523,"level":1},{"jid":"6289620598785@s.whatsapp.net","xp":502,"level":1},{"jid":"6281343582019@s.whatsapp.net","xp":5046,"level":2},{"jid":"6285770269605@s.whatsapp.net","xp":2014,"level":1},{"jid":"6281247686392@s.whatsapp.net","xp":506,"level":1},{"jid":"6281575616217@s.whatsapp.net","xp":5555,"level":2},{"jid":"6281260100582@s.whatsapp.net","xp":5536,"level":2},{"jid":"6289685076600@s.whatsapp.net","xp":6053,"level":2},{"jid":"6283176260846@s.whatsapp.net","xp":1010,"level":1},{"jid":"62895375281811@s.whatsapp.net","xp":505,"level":1},{"jid":"62818611171@s.whatsapp.net","xp":2517,"level":1},{"jid":"6287744009006@s.whatsapp.net","xp":1007,"level":1},{"jid":"6281330963822@s.whatsapp.net","xp":1013,"level":1},{"jid":"6287888778815@s.whatsapp.net","xp":502,"level":1},{"jid":"6283852802764@s.whatsapp.net","xp":507,"level":1},{"jid":"6283131427861@s.whatsapp.net","xp":1010,"level":1},{"jid":"6283143449419@s.whatsapp.net","xp":509,"level":1},{"jid":"60133981557@s.whatsapp.net","xp":509,"level":1},{"jid":"6285813661529@s.whatsapp.net","xp":503,"level":1},{"jid":"6283182586472@s.whatsapp.net","xp":508,"level":1},{"jid":"6282387711916@s.whatsapp.net","xp":508,"level":1},{"jid":"60132434665@s.whatsapp.net","xp":4035,"level":1},{"jid":"6287780428820@s.whatsapp.net","xp":40380,"level":4},{"jid":"6281973037556@s.whatsapp.net","xp":2014,"level":1},{"jid":"6281312913583@s.whatsapp.net","xp":102347,"level":5},{"jid":"6285695445063@s.whatsapp.net","xp":5555,"level":2},{"jid":"6281236615783@s.whatsapp.net","xp":3543,"level":1},{"jid":"62887435010029@s.whatsapp.net","xp":1514,"level":1},{"jid":"6285870057382@s.whatsapp.net","xp":502,"level":1},{"jid":"6289646775713@s.whatsapp.net","xp":928484967801,"level":28},{"jid":"6285246684706@s.whatsapp.net","xp":9570,"level":2},{"jid":"6285280590218@s.whatsapp.net","xp":1008,"level":1},{"jid":"6282140934254@s.whatsapp.net","xp":59002,"level":4},{"jid":"6281327675686@s.whatsapp.net","xp":10080,"level":2},{"jid":"12014972487@s.whatsapp.net","xp":134151,"level":5},{"jid":"6282298121179@s.whatsapp.net","xp":11574,"level":2},{"jid":"6282384040757@s.whatsapp.net","xp":28227,"level":3},{"jid":"6282284738705@s.whatsapp.net","xp":503,"level":1},{"jid":"6282283384297@s.whatsapp.net","xp":3021,"level":1},{"jid":"62895602936232@s.whatsapp.net","xp":2514,"level":1},{"jid":"6281355358547@s.whatsapp.net","xp":10589,"level":2},{"jid":"6288238705534@s.whatsapp.net","xp":3544,"level":1},{"jid":"6281273530880@s.whatsapp.net","xp":5550,"level":2},{"jid":"6283133006442@s.whatsapp.net","xp":504,"level":1},{"jid":"6283872016532@s.whatsapp.net","xp":501,"level":1},{"jid":"6281225339187@s.whatsapp.net","xp":6060,"level":2},{"jid":"6281347873002@s.whatsapp.net","xp":502,"level":1},{"jid":"6282293011125@s.whatsapp.net","xp":508,"level":1},{"jid":"6281351623644@s.whatsapp.net","xp":501,"level":1},{"jid":"628170113717@s.whatsapp.net","xp":24221,"level":3},{"jid":"6282172323987@s.whatsapp.net","xp":1523,"level":1},{"jid":"6285648290252@s.whatsapp.net","xp":506,"level":1},{"jid":"6289522905486@s.whatsapp.net","xp":4542,"level":1},{"jid":"6281373140183@s.whatsapp.net","xp":504,"level":1},{"jid":"6289530949020@s.whatsapp.net","xp":51443,"level":4},{"jid":"6285841958244@s.whatsapp.net","xp":508,"level":1},{"jid":"6285264653772@s.whatsapp.net","xp":5548,"level":2},{"jid":"6281549007705@s.whatsapp.net","xp":19196,"level":3},{"jid":"6282251616624@s.whatsapp.net","xp":32792,"level":3},{"jid":"6289516696197@s.whatsapp.net","xp":10079,"level":2},{"jid":"6288706039241@s.whatsapp.net","xp":509,"level":1},{"jid":"6283836070517@s.whatsapp.net","xp":1505,"level":1},{"jid":"6285641528450@s.whatsapp.net","xp":1010,"level":1},{"jid":"6289639660769@s.whatsapp.net","xp":508,"level":1},{"jid":"12409003772@s.whatsapp.net","xp":34836,"level":3},{"jid":"6289530529126@s.whatsapp.net","xp":504,"level":1},{"jid":"628979681450@s.whatsapp.net","xp":503,"level":1},{"jid":"6281331772586@s.whatsapp.net","xp":2026,"level":1},{"jid":"6283861027325@s.whatsapp.net","xp":1510,"level":1},{"jid":"6283809361686@s.whatsapp.net","xp":33349,"level":3},{"jid":"6288246042268@s.whatsapp.net","xp":1510,"level":1},{"jid":"6285668049145@s.whatsapp.net","xp":2017,"level":1},{"jid":"6281260923134@s.whatsapp.net","xp":504,"level":1},{"jid":"6281359683614@s.whatsapp.net","xp":5546,"level":2},{"jid":"6285156168785@s.whatsapp.net","xp":12101,"level":2},{"jid":"6282386784226@s.whatsapp.net","xp":1013,"level":1},{"jid":"6282241407440@s.whatsapp.net","xp":8072,"level":2},{"jid":"6282257283080@s.whatsapp.net","xp":1017,"level":1},{"jid":"6283108500480@s.whatsapp.net","xp":41915,"level":4},{"jid":"6285845134137@s.whatsapp.net","xp":41370,"level":4},{"jid":"6281214874075@s.whatsapp.net","xp":505,"level":1},{"jid":"6289518125649@s.whatsapp.net","xp":2023,"level":1},{"jid":"6281299657232@s.whatsapp.net","xp":1017,"level":1},{"jid":"6283865960712@s.whatsapp.net","xp":507,"level":1},{"jid":"6283852842398@s.whatsapp.net","xp":507,"level":1},{"jid":"6281357134408@s.whatsapp.net","xp":1010,"level":1},{"jid":"6287858596333@s.whatsapp.net","xp":6553,"level":2},{"jid":"6282122677934@s.whatsapp.net","xp":30772,"level":3},{"jid":"6285879046946@s.whatsapp.net","xp":6052,"level":2},{"jid":"6283150871514@s.whatsapp.net","xp":7563,"level":2},{"jid":"6282280304896@s.whatsapp.net","xp":504,"level":1},{"jid":"6285218114817@s.whatsapp.net","xp":1010,"level":1},{"jid":"62811409738@s.whatsapp.net","xp":1508,"level":1},{"jid":"6281440083139@s.whatsapp.net","xp":14647,"level":2},{"jid":"6285806243996@s.whatsapp.net","xp":2514,"level":1},{"jid":"6283183309657@s.whatsapp.net","xp":509,"level":1},{"jid":"6281254297703@s.whatsapp.net","xp":7072,"level":2},{"jid":"19856163543@s.whatsapp.net","xp":2522,"level":1},{"jid":"6285752336339@s.whatsapp.net","xp":1518,"level":1},{"jid":"6283139659078@s.whatsapp.net","xp":17661,"level":3},{"jid":"6282322411120@s.whatsapp.net","xp":503,"level":1},{"jid":"62895385514433@s.whatsapp.net","xp":1517,"level":1},{"jid":"6285760652433@s.whatsapp.net","xp":1205432,"level":8},{"jid":"628811257645@s.whatsapp.net","xp":1520,"level":1},{"jid":"6283167338266@s.whatsapp.net","xp":1018,"level":1},{"jid":"6285719286414@s.whatsapp.net","xp":12626,"level":2},{"jid":"6289513270542@s.whatsapp.net","xp":2526,"level":1},{"jid":"6289687053409@s.whatsapp.net","xp":1517,"level":1},{"jid":"6288299233610@s.whatsapp.net","xp":4553,"level":1},{"jid":"6289609656714@s.whatsapp.net","xp":5061,"level":2},{"jid":"6281281074378@s.whatsapp.net","xp":26738,"level":3},{"jid":"6285704617443@s.whatsapp.net","xp":502,"level":1},{"jid":"6282188000410@s.whatsapp.net","xp":1505,"level":1},{"jid":"6285860559844@s.whatsapp.net","xp":1013,"level":1},{"jid":"6281218495314@s.whatsapp.net","xp":5028,"level":2},{"jid":"6288222863303@s.whatsapp.net","xp":2024,"level":1},{"jid":"6283829194371@s.whatsapp.net","xp":1004,"level":1},{"jid":"6281332646693@s.whatsapp.net","xp":3530,"level":1},{"jid":"6289603964926@s.whatsapp.net","xp":1016,"level":1},{"jid":"6281242617469@s.whatsapp.net","xp":1519,"level":1},{"jid":"6285251429160@s.whatsapp.net","xp":1005,"level":1},{"jid":"6282257301599@s.whatsapp.net","xp":501,"level":1},{"jid":"6282331211429@s.whatsapp.net","xp":1007,"level":1},{"jid":"6285752039475@s.whatsapp.net","xp":504,"level":1},{"jid":"6287877396129@s.whatsapp.net","xp":1015,"level":1},{"jid":"6282173051897@s.whatsapp.net","xp":1511,"level":1},{"jid":"6283890589002@s.whatsapp.net","xp":25224,"level":3},{"jid":"6288232030641@s.whatsapp.net","xp":502,"level":1},{"jid":"6288262650229@s.whatsapp.net","xp":7575,"level":2},{"jid":"6283830321515@s.whatsapp.net","xp":2016,"level":1},{"jid":"6283816762663@s.whatsapp.net","xp":5052,"level":2},{"jid":"6288239357889@s.whatsapp.net","xp":19674,"level":3},{"jid":"6281217790715@s.whatsapp.net","xp":2530,"level":1},{"jid":"6285893795332@s.whatsapp.net","xp":1003,"level":1},{"jid":"6285213942470@s.whatsapp.net","xp":2528,"level":1},{"jid":"6281315822820@s.whatsapp.net","xp":1010,"level":1},{"jid":"6283840132227@s.whatsapp.net","xp":505,"level":1},{"jid":"6285740675312@s.whatsapp.net","xp":1017,"level":1},{"jid":"6287855238530@s.whatsapp.net","xp":2009,"level":1},{"jid":"6282143215587@s.whatsapp.net","xp":509,"level":1},{"jid":"6285791280090@s.whatsapp.net","xp":508,"level":1},{"jid":"6285270821633@s.whatsapp.net","xp":504,"level":1},{"jid":"6285732129225@s.whatsapp.net","xp":502,"level":1},{"jid":"6285945303720@s.whatsapp.net","xp":508,"level":1},{"jid":"62887433073015@s.whatsapp.net","xp":1508,"level":1},{"jid":"6285707034775@s.whatsapp.net","xp":2020,"level":1},{"jid":"6288296240251@s.whatsapp.net","xp":1518,"level":1},{"jid":"6285781630610@s.whatsapp.net","xp":507,"level":1},{"jid":"6283198429119@s.whatsapp.net","xp":1507,"level":1},{"jid":"6281226376489@s.whatsapp.net","xp":19685,"level":3},{"jid":"6289659186418@s.whatsapp.net","xp":6561,"level":2},{"jid":"6288705430540@s.whatsapp.net","xp":4039,"level":1},{"jid":"62895802816045@s.whatsapp.net","xp":11611,"level":2},{"jid":"6283128591377@s.whatsapp.net","xp":506,"level":1},{"jid":"6285820807648@s.whatsapp.net","xp":509,"level":1},{"jid":"6285762418453@s.whatsapp.net","xp":503,"level":1},{"jid":"6289635546677@s.whatsapp.net","xp":17155,"level":3},{"jid":"6281221938913@s.whatsapp.net","xp":1013,"level":1},{"jid":"6281342730949@s.whatsapp.net","xp":1012,"level":1},{"jid":"6283177456843@s.whatsapp.net","xp":1007,"level":1},{"jid":"6288261126591@s.whatsapp.net","xp":75669,"level":5},{"jid":"6283869783529@s.whatsapp.net","xp":1014,"level":1},{"jid":"6285386622786@s.whatsapp.net","xp":507,"level":1},{"jid":"6281289596677@s.whatsapp.net","xp":2518,"level":1},{"jid":"6287855787077@s.whatsapp.net","xp":4038,"level":1},{"jid":"6285892780959@s.whatsapp.net","xp":503,"level":1},{"jid":"6289681874404@s.whatsapp.net","xp":503,"level":1},{"jid":"6281361762650@s.whatsapp.net","xp":3031,"level":1},{"jid":"6285719466150@s.whatsapp.net","xp":11607,"level":2},{"jid":"6285788672656@s.whatsapp.net","xp":510,"level":1},{"jid":"6285706042400@s.whatsapp.net","xp":503,"level":1},{"jid":"6285710527253@s.whatsapp.net","xp":505,"level":1},{"jid":"6287816364052@s.whatsapp.net","xp":510,"level":1},{"jid":"6282146474224@s.whatsapp.net","xp":5545,"level":2},{"jid":"6282289897785@s.whatsapp.net","xp":503,"level":1},{"jid":"6285697308077@s.whatsapp.net","xp":507,"level":1},{"jid":"6283168376513@s.whatsapp.net","xp":29257,"level":3},{"jid":"6288228696361@s.whatsapp.net","xp":508,"level":1},{"jid":"6283125149056@s.whatsapp.net","xp":510,"level":1},{"jid":"6285746908103@s.whatsapp.net","xp":16649,"level":3},{"jid":"628979242403@s.whatsapp.net","xp":504,"level":1},{"jid":"6282155496581@s.whatsapp.net","xp":34799,"level":3},{"jid":"6283169616103@s.whatsapp.net","xp":3035,"level":1},{"jid":"6282131859071@s.whatsapp.net","xp":504,"level":1},{"jid":"6285878339615@s.whatsapp.net","xp":3022,"level":1},{"jid":"6282265166536@s.whatsapp.net","xp":501,"level":1},{"jid":"6282331646528@s.whatsapp.net","xp":1011,"level":1},{"jid":"6285727387283@s.whatsapp.net","xp":1003,"level":1},{"jid":"6281919634918@s.whatsapp.net","xp":1009,"level":1},{"jid":"6282232902840@s.whatsapp.net","xp":506,"level":1},{"jid":"62895361609788@s.whatsapp.net","xp":51397,"level":4},{"jid":"6285246040013@s.whatsapp.net","xp":1010,"level":1},{"jid":"6285648482266@s.whatsapp.net","xp":505,"level":1},{"jid":"6282290544315@s.whatsapp.net","xp":2529,"level":1},{"jid":"6282116440891@s.whatsapp.net","xp":503,"level":1},{"jid":"6285261914534@s.whatsapp.net","xp":3021,"level":1},{"jid":"6287844242385@s.whatsapp.net","xp":1007,"level":1},{"jid":"6289512703197@s.whatsapp.net","xp":185565,"level":6},{"jid":"6285707175204@s.whatsapp.net","xp":3547,"level":1},{"jid":"6287760044475@s.whatsapp.net","xp":319353,"level":7},{"jid":"6281371845806@s.whatsapp.net","xp":1524,"level":1},{"jid":"6289623247719@s.whatsapp.net","xp":6073,"level":2},{"jid":"6281287258103@s.whatsapp.net","xp":1007,"level":1},{"jid":"6288298440209@s.whatsapp.net","xp":1517,"level":1},{"jid":"6289530267404@s.whatsapp.net","xp":1516,"level":1},{"jid":"6285290495219@s.whatsapp.net","xp":19666,"level":3},{"jid":"6282262422296@s.whatsapp.net","xp":36840,"level":4},{"jid":"6289653174609@s.whatsapp.net","xp":69636,"level":4},{"jid":"6282386719778@s.whatsapp.net","xp":1008,"level":1},{"jid":"6283861838465@s.whatsapp.net","xp":18163,"level":3},{"jid":"6288267019386@s.whatsapp.net","xp":5544,"level":2},{"jid":"6282189649116@s.whatsapp.net","xp":4555,"level":1},{"jid":"6281286875903@s.whatsapp.net","xp":3035,"level":1},{"jid":"6281238722983@s.whatsapp.net","xp":34298,"level":3},{"jid":"6281943797745@s.whatsapp.net","xp":2525,"level":1},{"jid":"6289526834009@s.whatsapp.net","xp":504,"level":1},{"jid":"6289527253318@s.whatsapp.net","xp":2527,"level":1},{"jid":"6288226395446@s.whatsapp.net","xp":48893,"level":4},{"jid":"6285386192911@s.whatsapp.net","xp":4040,"level":1},{"jid":"6287862339584@s.whatsapp.net","xp":3028,"level":1},{"jid":"6287773060102@s.whatsapp.net","xp":7072,"level":2},{"jid":"6283846891054@s.whatsapp.net","xp":1013,"level":1},{"jid":"62895704074421@s.whatsapp.net","xp":1013,"level":1},{"jid":"6281229685157@s.whatsapp.net","xp":2526,"level":1},{"jid":"6281395333215@s.whatsapp.net","xp":8576,"level":2},{"jid":"6287886750361@s.whatsapp.net","xp":506,"level":1},{"jid":"6282233571738@s.whatsapp.net","xp":506,"level":1},{"jid":"6281310866862@s.whatsapp.net","xp":8579,"level":2},{"jid":"6281211549321@s.whatsapp.net","xp":3528,"level":1},{"jid":"6285361718152@s.whatsapp.net","xp":502,"level":1},{"jid":"6285892671832@s.whatsapp.net","xp":1019,"level":1},{"jid":"6282119835120@s.whatsapp.net","xp":36346,"level":4},{"jid":"6281228447574@s.whatsapp.net","xp":4035,"level":1},{"jid":"6285845977005@s.whatsapp.net","xp":505,"level":1},{"jid":"6288211896559@s.whatsapp.net","xp":1004,"level":1},{"jid":"6288976079364@s.whatsapp.net","xp":1516,"level":1},{"jid":"6289670304764@s.whatsapp.net","xp":510,"level":1},{"jid":"6285845713543@s.whatsapp.net","xp":2020,"level":1},{"jid":"6283822151689@s.whatsapp.net","xp":506,"level":1},{"jid":"6282243510115@s.whatsapp.net","xp":2028,"level":1},{"jid":"6288217813551@s.whatsapp.net","xp":8598,"level":2},{"jid":"62895338391604@s.whatsapp.net","xp":504,"level":1},{"jid":"6285788809368@s.whatsapp.net","xp":3542,"level":1},{"jid":"6283160539156@s.whatsapp.net","xp":19161,"level":3},{"jid":"6285806008040@s.whatsapp.net","xp":506,"level":1},{"jid":"6285229159984@s.whatsapp.net","xp":17653,"level":3},{"jid":"6282253438947@s.whatsapp.net","xp":6052,"level":2},{"jid":"6283162838107@s.whatsapp.net","xp":4039,"level":1},{"jid":"6285716214709@s.whatsapp.net","xp":508,"level":1},{"jid":"6288291674818@s.whatsapp.net","xp":4040,"level":1},{"jid":"6283168970559@s.whatsapp.net","xp":507,"level":1},{"jid":"6283172777929@s.whatsapp.net","xp":504,"level":1},{"jid":"6283180344223@s.whatsapp.net","xp":2021,"level":1},{"jid":"6283862103614@s.whatsapp.net","xp":506,"level":1},{"jid":"6282250615584@s.whatsapp.net","xp":3028,"level":1},{"jid":"17729465275@s.whatsapp.net","xp":3027,"level":1},{"jid":"6283191156893@s.whatsapp.net","xp":83183827421637,"level":34},{"jid":"6288222016865@s.whatsapp.net","xp":501,"level":1},{"jid":"6281358767026@s.whatsapp.net","xp":501,"level":1},{"jid":"6281293547562@s.whatsapp.net","xp":3022,"level":1},{"jid":"6281225232731@s.whatsapp.net","xp":1506,"level":1},{"jid":"6283803653493@s.whatsapp.net","xp":1012,"level":1},{"jid":"6289531031924@s.whatsapp.net","xp":508,"level":1},{"jid":"6282315328045@s.whatsapp.net","xp":3039,"level":1},{"jid":"6288261721042@s.whatsapp.net","xp":151897,"level":5},{"jid":"6287893400841@s.whatsapp.net","xp":17648,"level":3},{"jid":"6282361932751@s.whatsapp.net","xp":1009,"level":1},{"jid":"6289687370103@s.whatsapp.net","xp":505,"level":1},{"jid":"6283871760857@s.whatsapp.net","xp":4052,"level":1},{"jid":"6281276065871@s.whatsapp.net","xp":504,"level":1},{"jid":"6283806990783@s.whatsapp.net","xp":2026,"level":1},{"jid":"6282178738438@s.whatsapp.net","xp":501,"level":1},{"jid":"6285881109744@s.whatsapp.net","xp":506,"level":1},{"jid":"94754273991@s.whatsapp.net","xp":509,"level":1},{"jid":"6283891814822@s.whatsapp.net","xp":1503,"level":1},{"jid":"6289503740700@s.whatsapp.net","xp":504,"level":1},{"jid":"5511934488829@s.whatsapp.net","xp":2518,"level":1},{"jid":"6285894042986@s.whatsapp.net","xp":3033,"level":1},{"jid":"552167428062@s.whatsapp.net","xp":507,"level":1},{"jid":"6285825166190@s.whatsapp.net","xp":1007,"level":1},{"jid":"6285809777602@s.whatsapp.net","xp":509,"level":1},{"jid":"6281234523776@s.whatsapp.net","xp":1009,"level":1},{"jid":"6285757743384@s.whatsapp.net","xp":1009,"level":1},{"jid":"6283865600779@s.whatsapp.net","xp":502,"level":1},{"jid":"6285718622181@s.whatsapp.net","xp":501,"level":1},{"jid":"6285277566353@s.whatsapp.net","xp":31799,"level":3},{"jid":"6283185648374@s.whatsapp.net","xp":2019,"level":1},{"jid":"6285654076279@s.whatsapp.net","xp":7566,"level":2},{"jid":"62895383029167@s.whatsapp.net","xp":4537,"level":1},{"jid":"6289628588508@s.whatsapp.net","xp":1512,"level":1},{"jid":"6281362228343@s.whatsapp.net","xp":503,"level":1},{"jid":"6285782641565@s.whatsapp.net","xp":14683,"level":2},{"jid":"6281520459464@s.whatsapp.net","xp":1018,"level":1},{"jid":"6285691842186@s.whatsapp.net","xp":8593,"level":2},{"jid":"994406713640@s.whatsapp.net","xp":8587,"level":2},{"jid":"62895397052433@s.whatsapp.net","xp":1016,"level":1},{"jid":"6285926431562@s.whatsapp.net","xp":2011,"level":1},{"jid":"6287850013150@s.whatsapp.net","xp":508,"level":1},{"jid":"6282269949973@s.whatsapp.net","xp":3525,"level":1},{"jid":"6285766575446@s.whatsapp.net","xp":17652,"level":3},{"jid":"6283108117159@s.whatsapp.net","xp":1002,"level":1},{"jid":"6281284496405@s.whatsapp.net","xp":504,"level":1},{"jid":"6285712974611@s.whatsapp.net","xp":510,"level":1},{"jid":"6281358957805@s.whatsapp.net","xp":6554,"level":2},{"jid":"6283146545592@s.whatsapp.net","xp":503,"level":1},{"jid":"6289636448424@s.whatsapp.net","xp":72174,"level":4},{"jid":"6282135874773@s.whatsapp.net","xp":73581,"level":4},{"jid":"6289514851188@s.whatsapp.net","xp":1506,"level":1},{"jid":"6289526496642@s.whatsapp.net","xp":12623,"level":2},{"jid":"6287827673537@s.whatsapp.net","xp":8073,"level":2},{"jid":"6283803449740@s.whatsapp.net","xp":10108,"level":2},{"jid":"6281246124601@s.whatsapp.net","xp":7564,"level":2},{"jid":"6283121841002@s.whatsapp.net","xp":1012,"level":1},{"jid":"6282244188759@s.whatsapp.net","xp":6068,"level":2},{"jid":"6282246596010@s.whatsapp.net","xp":2024,"level":1},{"jid":"6289501090157@s.whatsapp.net","xp":502,"level":1},{"jid":"6282358647276@s.whatsapp.net","xp":4026,"level":1},{"jid":"6282321573166@s.whatsapp.net","xp":20171,"level":3},{"jid":"6281291210836@s.whatsapp.net","xp":3029,"level":1},{"jid":"6282398135801@s.whatsapp.net","xp":2518,"level":1},{"jid":"6281572555572@s.whatsapp.net","xp":3027,"level":1},{"jid":"6285742182485@s.whatsapp.net","xp":1004,"level":1},{"jid":"6285775399092@s.whatsapp.net","xp":1009,"level":1},{"jid":"6282337494298@s.whatsapp.net","xp":501,"level":1},{"jid":"6289697436982@s.whatsapp.net","xp":507,"level":1},{"jid":"6289515254745@s.whatsapp.net","xp":508,"level":1},{"jid":"6288809067357@s.whatsapp.net","xp":6564,"level":2},{"jid":"6289526814882@s.whatsapp.net","xp":4536,"level":1},{"jid":"6282223049262@s.whatsapp.net","xp":13642,"level":2},{"jid":"12014732494@s.whatsapp.net","xp":59577,"level":4},{"jid":"6282268901378@s.whatsapp.net","xp":2535,"level":1},{"jid":"62895412370401@s.whatsapp.net","xp":2017,"level":1},{"jid":"6288809994703@s.whatsapp.net","xp":1010,"level":1},{"jid":"6285753662440@s.whatsapp.net","xp":509,"level":1},{"jid":"6285696089258@s.whatsapp.net","xp":7588,"level":2},{"jid":"6289652205888@s.whatsapp.net","xp":75782838885852,"level":34},{"jid":"628996657219@s.whatsapp.net","xp":11590,"level":2},{"jid":"6281368804189@s.whatsapp.net","xp":68096,"level":4},{"jid":"6285227702119@s.whatsapp.net","xp":1014,"level":1},{"jid":"62881025134221@s.whatsapp.net","xp":2522,"level":1},{"jid":"6282331658340@s.whatsapp.net","xp":3535,"level":1},{"jid":"6281370448874@s.whatsapp.net","xp":12112,"level":2},{"jid":"6285523589854@s.whatsapp.net","xp":1521,"level":1},{"jid":"6281805413802@s.whatsapp.net","xp":4034,"level":1},{"jid":"6289508253146@s.whatsapp.net","xp":2013,"level":1},{"jid":"6289638023602@s.whatsapp.net","xp":1524,"level":1},{"jid":"6283846382999@s.whatsapp.net","xp":2532,"level":1},{"jid":"6285752164908@s.whatsapp.net","xp":7083,"level":2},{"jid":"6288271869341@s.whatsapp.net","xp":94808,"level":5},{"jid":"12014680833@s.whatsapp.net","xp":29763,"level":3},{"jid":"6285771418126@s.whatsapp.net","xp":19180,"level":3},{"jid":"6285878524744@s.whatsapp.net","xp":501,"level":1},{"jid":"6282190895421@s.whatsapp.net","xp":2529,"level":1},{"jid":"6288802668296@s.whatsapp.net","xp":2519,"level":1},{"jid":"6285717026352@s.whatsapp.net","xp":1012,"level":1},{"jid":"6282188442077@s.whatsapp.net","xp":1514,"level":1},{"jid":"628881395689@s.whatsapp.net","xp":41899,"level":4},{"jid":"6283843679891@s.whatsapp.net","xp":10587,"level":2},{"jid":"628871555774@s.whatsapp.net","xp":212968,"level":6},{"jid":"6282178961627@s.whatsapp.net","xp":1524,"level":1},{"jid":"6283150499467@s.whatsapp.net","xp":3518,"level":1},{"jid":"6289660158027@s.whatsapp.net","xp":6578,"level":2},{"jid":"6282259181860@s.whatsapp.net","xp":2019,"level":1},{"jid":"6289502341710@s.whatsapp.net","xp":2521,"level":1},{"jid":"6285717856930@s.whatsapp.net","xp":4545,"level":1},{"jid":"6281246460730@s.whatsapp.net","xp":503,"level":1},{"jid":"6285298997600@s.whatsapp.net","xp":7570,"level":2},{"jid":"6285651225278@s.whatsapp.net","xp":6565,"level":2},{"jid":"6282149187460@s.whatsapp.net","xp":4543,"level":1},{"jid":"6289504585790@s.whatsapp.net","xp":29755,"level":3},{"jid":"62812874133914@s.whatsapp.net","xp":12109,"level":2},{"jid":"62812874133916@s.whatsapp.net","xp":10089,"level":2},{"jid":"6282236929603@s.whatsapp.net","xp":8579,"level":2},{"jid":"6285705804836@s.whatsapp.net","xp":6061,"level":2},{"jid":"6285157226383@s.whatsapp.net","xp":2516,"level":1},{"jid":"494915251081356@s.whatsapp.net","xp":508,"level":1},{"jid":"6281328696810@s.whatsapp.net","xp":76206,"level":5},{"jid":"62895355566000@s.whatsapp.net","xp":13635,"level":2},{"jid":"6283805905325@s.whatsapp.net","xp":508,"level":1},{"jid":"6285693376594@s.whatsapp.net","xp":4545,"level":1},{"jid":"6289629713703@s.whatsapp.net","xp":116074,"level":5},{"jid":"6282274102032@s.whatsapp.net","xp":16141,"level":3},{"jid":"628979215406@s.whatsapp.net","xp":43938,"level":4},{"jid":"628989840010@s.whatsapp.net","xp":53459,"level":4},{"jid":"6289521144422@s.whatsapp.net","xp":63545,"level":4},{"jid":"62856400201652@s.whatsapp.net","xp":508,"level":1},{"jid":"6285777006080@s.whatsapp.net","xp":30305,"level":3},{"jid":"6283116514646@s.whatsapp.net","xp":508,"level":1},{"jid":"6282251662316@s.whatsapp.net","xp":1013,"level":1},{"jid":"6283192337956@s.whatsapp.net","xp":508,"level":1},{"jid":"6281770640763@s.whatsapp.net","xp":1013,"level":1},{"jid":"6281977441423@s.whatsapp.net","xp":9580,"level":2},{"jid":"62818543999@s.whatsapp.net","xp":22692,"level":3},{"jid":"6285216007427@s.whatsapp.net","xp":1514,"level":1},{"jid":"6285838207196@s.whatsapp.net","xp":2016,"level":1},{"jid":"6285641669020@s.whatsapp.net","xp":1006,"level":1},{"jid":"6285878253357@s.whatsapp.net","xp":17092,"level":3},{"jid":"6288246284525@s.whatsapp.net","xp":2006,"level":1},{"jid":"6282122171653@s.whatsapp.net","xp":6050,"level":2},{"jid":"6281282031682@s.whatsapp.net","xp":1010,"level":1},{"jid":"6285732376259@s.whatsapp.net","xp":1002,"level":1},{"jid":"6285755695033@s.whatsapp.net","xp":2017,"level":1},{"jid":"6285624193257@s.whatsapp.net","xp":506,"level":1},{"jid":"6281919871440@s.whatsapp.net","xp":510,"level":1},{"jid":"6281462224089@s.whatsapp.net","xp":1007,"level":1},{"jid":"6281275184510@s.whatsapp.net","xp":2017,"level":1},{"jid":"6285347066806@s.whatsapp.net","xp":1515,"level":1},{"jid":"6285294377021@s.whatsapp.net","xp":102368,"level":5},{"jid":"6281239024631@s.whatsapp.net","xp":1015,"level":1},{"jid":"6289516155504@s.whatsapp.net","xp":18154,"level":3},{"jid":"6287879159880@s.whatsapp.net","xp":31801,"level":3},{"jid":"994408521680@s.whatsapp.net","xp":3538,"level":1},{"jid":"6285954355832@s.whatsapp.net","xp":4043,"level":1},{"jid":"6281456159164@s.whatsapp.net","xp":6540,"level":2},{"jid":"6289527198326@s.whatsapp.net","xp":1516,"level":1},{"jid":"6285769302532@s.whatsapp.net","xp":22730,"level":3},{"jid":"6282228448960@s.whatsapp.net","xp":3039,"level":1},{"jid":"6281947045868@s.whatsapp.net","xp":503,"level":1},{"jid":"6285271527886@s.whatsapp.net","xp":10094,"level":2},{"jid":"6289679050384@s.whatsapp.net","xp":1012,"level":1},{"jid":"6285704275519@s.whatsapp.net","xp":506,"level":1},{"jid":"6285943410910@s.whatsapp.net","xp":3532,"level":1},{"jid":"6285275274356@s.whatsapp.net","xp":3015,"level":1},{"jid":"62895803819282@s.whatsapp.net","xp":18661,"level":3},{"jid":"6282189498746@s.whatsapp.net","xp":3553,"level":1},{"jid":"13239902533@s.whatsapp.net","xp":2519,"level":1},{"jid":"6285216626617@s.whatsapp.net","xp":504,"level":1},{"jid":"6282366000113@s.whatsapp.net","xp":4546,"level":1},{"jid":"919048782906@s.whatsapp.net","xp":1011,"level":1},{"jid":"6289686961230@s.whatsapp.net","xp":18640,"level":3},{"jid":"6283844521195@s.whatsapp.net","xp":6048,"level":2},{"jid":"6285265561577@s.whatsapp.net","xp":1019,"level":1},{"jid":"6282363708585@s.whatsapp.net","xp":503,"level":1},{"jid":"6283198746949@s.whatsapp.net","xp":510,"level":1},{"jid":"6282139604284@s.whatsapp.net","xp":1514,"level":1},{"jid":"62895622957611@s.whatsapp.net","xp":3016,"level":1},{"jid":"5521966625319@s.whatsapp.net","xp":12599,"level":2},{"jid":"6282347594640@s.whatsapp.net","xp":7080,"level":2},{"jid":"6285379215201@s.whatsapp.net","xp":508,"level":1},{"jid":"6285849455331@s.whatsapp.net","xp":5047,"level":2},{"jid":"6281938716903@s.whatsapp.net","xp":8072,"level":2},{"jid":"6287803828034@s.whatsapp.net","xp":1515,"level":1},{"jid":"6288211505839@s.whatsapp.net","xp":505,"level":1},{"jid":"6283129731270@s.whatsapp.net","xp":508,"level":1},{"jid":"6283106419252@s.whatsapp.net","xp":509,"level":1},{"jid":"6289524392146@s.whatsapp.net","xp":1006,"level":1},{"jid":"601125241148@s.whatsapp.net","xp":46936,"level":4},{"jid":"6283135020233@s.whatsapp.net","xp":509,"level":1},{"jid":"62881037095418@s.whatsapp.net","xp":13608,"level":2},{"jid":"13863278286@s.whatsapp.net","xp":2007,"level":1},{"jid":"62823230408220@s.whatsapp.net","xp":99465,"level":5},{"jid":"6282117241633@s.whatsapp.net","xp":26262,"level":3},{"jid":"6283189814001@s.whatsapp.net","xp":14621,"level":2},{"jid":"6281247572271@s.whatsapp.net","xp":14635,"level":2},{"jid":"6283125854266@s.whatsapp.net","xp":1510,"level":1},{"jid":"6282286512821@s.whatsapp.net","xp":6548,"level":2},{"jid":"6289516173579@s.whatsapp.net","xp":4042,"level":1},{"jid":"6281211651261@s.whatsapp.net","xp":6056,"level":2},{"jid":"6283871547162@s.whatsapp.net","xp":1011,"level":1},{"jid":"6283803077841@s.whatsapp.net","xp":1016,"level":1},{"jid":"6288802851169@s.whatsapp.net","xp":1509,"level":1},{"jid":"628979317898@s.whatsapp.net","xp":509,"level":1},{"jid":"628991633029@s.whatsapp.net","xp":2010,"level":1},{"jid":"62887435375270@s.whatsapp.net","xp":502,"level":1},{"jid":"6282273661541@s.whatsapp.net","xp":1508,"level":1},{"jid":"6283861746858@s.whatsapp.net","xp":1513,"level":1},{"jid":"6282388520212@s.whatsapp.net","xp":6063,"level":2},{"jid":"62895421871220@s.whatsapp.net","xp":509,"level":1},{"jid":"6281218063412@s.whatsapp.net","xp":1517,"level":1},{"jid":"6285797269817@s.whatsapp.net","xp":501,"level":1},{"jid":"6287851919294@s.whatsapp.net","xp":13629,"level":2},{"jid":"6287737887530@s.whatsapp.net","xp":21201,"level":3},{"jid":"628998934684@s.whatsapp.net","xp":509,"level":1},{"jid":"62881036088837@s.whatsapp.net","xp":2015,"level":1},{"jid":"6287778843885@s.whatsapp.net","xp":503,"level":1},{"jid":"6285754495406@s.whatsapp.net","xp":4037,"level":1},{"jid":"6287718082740@s.whatsapp.net","xp":510,"level":1},{"jid":"6285832203940@s.whatsapp.net","xp":510,"level":1},{"jid":"6281805881966@s.whatsapp.net","xp":3522,"level":1},{"jid":"6283819570996@s.whatsapp.net","xp":510,"level":1},{"jid":"6282154963059@s.whatsapp.net","xp":2536,"level":1},{"jid":"6283802635642@s.whatsapp.net","xp":506,"level":1},{"jid":"6285260482100@s.whatsapp.net","xp":1511,"level":1},{"jid":"6281232943203@s.whatsapp.net","xp":1013,"level":1},{"jid":"6283149566268@s.whatsapp.net","xp":3519,"level":1},{"jid":"6289693644255@s.whatsapp.net","xp":509,"level":1},{"jid":"62895392196236@s.whatsapp.net","xp":11603,"level":2},{"jid":"6285835676214@s.whatsapp.net","xp":506,"level":1},{"jid":"6283823530202@s.whatsapp.net","xp":1519,"level":1},{"jid":"6285735616133@s.whatsapp.net","xp":2522,"level":1},{"jid":"6281930231207@s.whatsapp.net","xp":1506,"level":1},{"jid":"6283142899933@s.whatsapp.net","xp":2521,"level":1},{"jid":"6281320193985@s.whatsapp.net","xp":5038,"level":2},{"jid":"923233175698@s.whatsapp.net","xp":508,"level":1},{"jid":"6285717902753@s.whatsapp.net","xp":4546,"level":1},{"jid":"601123860050@s.whatsapp.net","xp":2535,"level":1},{"jid":"6281991015157@s.whatsapp.net","xp":507,"level":1},{"jid":"6283811473200@s.whatsapp.net","xp":2015,"level":1},{"jid":"994408486065@s.whatsapp.net","xp":7073,"level":2},{"jid":"6285792814051@s.whatsapp.net","xp":2025,"level":1},{"jid":"6285878402546@s.whatsapp.net","xp":509,"level":1},{"jid":"6285975358325@s.whatsapp.net","xp":503,"level":1},{"jid":"6285602308712@s.whatsapp.net","xp":502,"level":1},{"jid":"6288220351186@s.whatsapp.net","xp":502,"level":1},{"jid":"6281240070137@s.whatsapp.net","xp":1506,"level":1},{"jid":"6283131054072@s.whatsapp.net","xp":502,"level":1},{"jid":"6281218358283@s.whatsapp.net","xp":2008,"level":1},{"jid":"6281246679148@s.whatsapp.net","xp":1004,"level":1},{"jid":"6285727088580@s.whatsapp.net","xp":1012,"level":1},{"jid":"6285648224901@s.whatsapp.net","xp":507,"level":1},{"jid":"6285722055374@s.whatsapp.net","xp":502,"level":1},{"jid":"6289601543513@s.whatsapp.net","xp":5039,"level":2},{"jid":"6282279601471@s.whatsapp.net","xp":1014,"level":1},{"jid":"6281268579682@s.whatsapp.net","xp":1526,"level":1},{"jid":"6287702950003@s.whatsapp.net","xp":505,"level":1},{"jid":"6283119123127@s.whatsapp.net","xp":1515,"level":1},{"jid":"6285775673455@s.whatsapp.net","xp":506,"level":1},{"jid":"6285293170228@s.whatsapp.net","xp":509,"level":1},{"jid":"6282294599890@s.whatsapp.net","xp":509,"level":1},{"jid":"6282277619047@s.whatsapp.net","xp":508,"level":1},{"jid":"6289626894455@s.whatsapp.net","xp":504,"level":1},{"jid":"923123070995@s.whatsapp.net","xp":507,"level":1},{"jid":"62881026344334@s.whatsapp.net","xp":1514,"level":1},{"jid":"6281271337596@s.whatsapp.net","xp":504,"level":1},{"jid":"62895622955538@s.whatsapp.net","xp":1000324867,"level":105},{"jid":"6283848954455@s.whatsapp.net","xp":6063,"level":2},{"jid":"6285338600567@s.whatsapp.net","xp":43391,"level":4},{"jid":"6285857948496@s.whatsapp.net","xp":6565,"level":2},{"jid":"6281290088781@s.whatsapp.net","xp":96887,"level":5},{"jid":"6285368885176@s.whatsapp.net","xp":41919,"level":4},{"jid":"6289514982549@s.whatsapp.net","xp":3537,"level":1},{"jid":"6289630673476@s.whatsapp.net","xp":2017,"level":1},{"jid":"60108001740@s.whatsapp.net","xp":502,"level":1},{"jid":"6289607894518@s.whatsapp.net","xp":3530,"level":1},{"jid":"62895602486122@s.whatsapp.net","xp":3021,"level":1},{"jid":"6282216988534@s.whatsapp.net","xp":25223,"level":3},{"jid":"6282320689746@s.whatsapp.net","xp":15636,"level":3},{"jid":"6283136462879@s.whatsapp.net","xp":1008,"level":1},{"jid":"6285213201470@s.whatsapp.net","xp":2023,"level":1},{"jid":"6285837930960@s.whatsapp.net","xp":9587,"level":2},{"jid":"6285268184191@s.whatsapp.net","xp":501,"level":1},{"jid":"6282283777484@s.whatsapp.net","xp":35305,"level":4},{"jid":"6285232031958@s.whatsapp.net","xp":1517,"level":1},{"jid":"6288214792985@s.whatsapp.net","xp":5533,"level":2},{"jid":"6281292806627@s.whatsapp.net","xp":505,"level":1},{"jid":"6281221969522@s.whatsapp.net","xp":14131,"level":2},{"jid":"6288744901646@s.whatsapp.net","xp":2013,"level":1},{"jid":"62823109725132@s.whatsapp.net","xp":6044,"level":2},{"jid":"6283894487877@s.whatsapp.net","xp":21188,"level":3},{"jid":"6281284745140@s.whatsapp.net","xp":9569,"level":2},{"jid":"6289507363401@s.whatsapp.net","xp":3035,"level":1},{"jid":"6289615738999@s.whatsapp.net","xp":2018,"level":1},{"jid":"6285252375735@s.whatsapp.net","xp":5064,"level":2},{"jid":"6285784032562@s.whatsapp.net","xp":13107,"level":2},{"jid":"6282273758789@s.whatsapp.net","xp":1005,"level":1},{"jid":"6285754179412@s.whatsapp.net","xp":7072,"level":2},{"jid":"6283818712937@s.whatsapp.net","xp":510,"level":1},{"jid":"6282383929750@s.whatsapp.net","xp":1019,"level":1},{"jid":"6281977578791@s.whatsapp.net","xp":5040,"level":2},{"jid":"628995746942@s.whatsapp.net","xp":1510,"level":1},{"jid":"6282228916178@s.whatsapp.net","xp":1015,"level":1},{"jid":"62895331199593@s.whatsapp.net","xp":6055,"level":2},{"jid":"6285250038029@s.whatsapp.net","xp":7071,"level":2},{"jid":"6285776160442@s.whatsapp.net","xp":31234,"level":3},{"jid":"6282238649776@s.whatsapp.net","xp":4542,"level":1},{"jid":"6289602235775@s.whatsapp.net","xp":3019,"level":1},{"jid":"6285265704062@s.whatsapp.net","xp":1007,"level":1},{"jid":"6282121170034@s.whatsapp.net","xp":505,"level":1},{"jid":"62895703111002@s.whatsapp.net","xp":507,"level":1},{"jid":"6281265894770@s.whatsapp.net","xp":501,"level":1},{"jid":"6285382531938@s.whatsapp.net","xp":4026,"level":1},{"jid":"6289665863523@s.whatsapp.net","xp":2009,"level":1},{"jid":"60132818476@s.whatsapp.net","xp":6547,"level":2},{"jid":"6287879150679@s.whatsapp.net","xp":1005,"level":1},{"jid":"6282215340315@s.whatsapp.net","xp":3026,"level":1},{"jid":"62881023072177@s.whatsapp.net","xp":12586,"level":2},{"jid":"6285939463465@s.whatsapp.net","xp":506,"level":1},{"jid":"6283839063708@s.whatsapp.net","xp":1006,"level":1},{"jid":"6285224499634@s.whatsapp.net","xp":2027,"level":1},{"jid":"6285713251704@s.whatsapp.net","xp":1006,"level":1},{"jid":"6285817112660@s.whatsapp.net","xp":1510,"level":1},{"jid":"6281572562802@s.whatsapp.net","xp":2521,"level":1},{"jid":"62812336197600@s.whatsapp.net","xp":3536,"level":1},{"jid":"16692094051@s.whatsapp.net","xp":2023,"level":1},{"jid":"6285281968399@s.whatsapp.net","xp":32323,"level":3},{"jid":"6282272884877@s.whatsapp.net","xp":1513,"level":1},{"jid":"62895367277020@s.whatsapp.net","xp":3022,"level":1},{"jid":"6287863051146@s.whatsapp.net","xp":5550,"level":2},{"jid":"6282285204408@s.whatsapp.net","xp":1004,"level":1},{"jid":"6282190990368@s.whatsapp.net","xp":5045,"level":2},{"jid":"6287883431612@s.whatsapp.net","xp":510,"level":1},{"jid":"6282154498128@s.whatsapp.net","xp":3029,"level":1},{"jid":"6282136213330@s.whatsapp.net","xp":501,"level":1},{"jid":"6281218040409@s.whatsapp.net","xp":1015,"level":1},{"jid":"6289689565588@s.whatsapp.net","xp":17638,"level":3},{"jid":"628813892523@s.whatsapp.net","xp":509,"level":1},{"jid":"6281290956252@s.whatsapp.net","xp":5570,"level":2},{"jid":"6281290844841@s.whatsapp.net","xp":501,"level":1},{"jid":"62895411203064@s.whatsapp.net","xp":5059,"level":2},{"jid":"13312765614@s.whatsapp.net","xp":23222,"level":3},{"jid":"6281230402629@s.whatsapp.net","xp":17148,"level":3},{"jid":"6282159358500@s.whatsapp.net","xp":4542,"level":1},{"jid":"62813409169780@s.whatsapp.net","xp":16135,"level":3},{"jid":"6287781138903@s.whatsapp.net","xp":6047,"level":2},{"jid":"6281284045618@s.whatsapp.net","xp":504,"level":1},{"jid":"62895326164393@s.whatsapp.net","xp":13109,"level":2},{"jid":"62895365113603@s.whatsapp.net","xp":12112,"level":2},{"jid":"18286087131@s.whatsapp.net","xp":29750,"level":3},{"jid":"6287773925521@s.whatsapp.net","xp":505,"level":1},{"jid":"6282352127138@s.whatsapp.net","xp":21170,"level":3},{"jid":"15056952955@s.whatsapp.net","xp":1012,"level":1},{"jid":"62895412691100@s.whatsapp.net","xp":17155,"level":3},{"jid":"6282347720544@s.whatsapp.net","xp":1516,"level":1},{"jid":"558293767174@s.whatsapp.net","xp":505,"level":1},{"jid":"6281224341549@s.whatsapp.net","xp":5048,"level":2},{"jid":"6285795431803@s.whatsapp.net","xp":2533,"level":1},{"jid":"553398091185@s.whatsapp.net","xp":1012,"level":1},{"jid":"6283181734189@s.whatsapp.net","xp":13119,"level":2},{"jid":"6289501802261@s.whatsapp.net","xp":1012,"level":1},{"jid":"6285342217587@s.whatsapp.net","xp":508,"level":1},{"jid":"62895622543321@s.whatsapp.net","xp":1011,"level":1},{"jid":"6285337609105@s.whatsapp.net","xp":1521,"level":1},{"jid":"6285700325917@s.whatsapp.net","xp":7563,"level":2},{"jid":"6285825483425@s.whatsapp.net","xp":12119,"level":2},{"jid":"6285812304565@s.whatsapp.net","xp":1014,"level":1},{"jid":"6289646780324@s.whatsapp.net","xp":1511,"level":1},{"jid":"6285641511548@s.whatsapp.net","xp":509,"level":1},{"jid":"6281275769746@s.whatsapp.net","xp":3028,"level":1},{"jid":"6285342494328@s.whatsapp.net","xp":4561,"level":1},{"jid":"6282191448255@s.whatsapp.net","xp":7556,"level":2},{"jid":"6283827342859@s.whatsapp.net","xp":1517,"level":1},{"jid":"6285709909508@s.whatsapp.net","xp":504,"level":1},{"jid":"6288294084614@s.whatsapp.net","xp":1011,"level":1},{"jid":"6283185976598@s.whatsapp.net","xp":11077,"level":2},{"jid":"6282167194715@s.whatsapp.net","xp":506,"level":1},{"jid":"6289638011714@s.whatsapp.net","xp":1516,"level":1},{"jid":"6282386463965@s.whatsapp.net","xp":507,"level":1},{"jid":"6283182843468@s.whatsapp.net","xp":2019,"level":1},{"jid":"6281213427209@s.whatsapp.net","xp":509,"level":1},{"jid":"6281214524170@s.whatsapp.net","xp":1517,"level":1},{"jid":"6283140723240@s.whatsapp.net","xp":1007,"level":1},{"jid":"6282123605369@s.whatsapp.net","xp":506,"level":1},{"jid":"6285890458141@s.whatsapp.net","xp":49415,"level":4},{"jid":"6283176228513@s.whatsapp.net","xp":1518,"level":1},{"jid":"6289653992514@s.whatsapp.net","xp":1007,"level":1},{"jid":"15716663777@s.whatsapp.net","xp":7568,"level":2},{"jid":"6285894217616@s.whatsapp.net","xp":13095,"level":2},{"jid":"6282273271035@s.whatsapp.net","xp":5045,"level":2},{"jid":"6285695314424@s.whatsapp.net","xp":3023,"level":1},{"jid":"6281328400883@s.whatsapp.net","xp":6558,"level":2},{"jid":"6282228633973@s.whatsapp.net","xp":507,"level":1},{"jid":"6283151833615@s.whatsapp.net","xp":9089,"level":2},{"jid":"6282110505662@s.whatsapp.net","xp":4035,"level":1},{"jid":"18313535216@s.whatsapp.net","xp":23720,"level":3},{"jid":"6282132291597@s.whatsapp.net","xp":1010,"level":1},{"jid":"6283161395960@s.whatsapp.net","xp":1517,"level":1},{"jid":"6285822057638@s.whatsapp.net","xp":507,"level":1},{"jid":"6282333474598@s.whatsapp.net","xp":1006,"level":1},{"jid":"6285155446265@s.whatsapp.net","xp":2026,"level":1},{"jid":"6289655355857@s.whatsapp.net","xp":504,"level":1},{"jid":"6282377718113@s.whatsapp.net","xp":1007,"level":1},{"jid":"6283173661777@s.whatsapp.net","xp":505,"level":1},{"jid":"6281352590579@s.whatsapp.net","xp":1001,"level":1},{"jid":"6285784033546@s.whatsapp.net","xp":510,"level":1},{"jid":"6285939326438@s.whatsapp.net","xp":3538,"level":1},{"jid":"6285886437450@s.whatsapp.net","xp":502,"level":1},{"jid":"6281232983754@s.whatsapp.net","xp":501,"level":1},{"jid":"6285860772729@s.whatsapp.net","xp":507,"level":1},{"jid":"6281225914053@s.whatsapp.net","xp":1015,"level":1},{"jid":"6281259647518@s.whatsapp.net","xp":4037,"level":1},{"jid":"6282240652884@s.whatsapp.net","xp":25219,"level":3},{"jid":"6285759218011@s.whatsapp.net","xp":1016,"level":1},{"jid":"6282158202679@s.whatsapp.net","xp":502,"level":1},{"jid":"6285655807787@s.whatsapp.net","xp":2516,"level":1},{"jid":"6288216012422@s.whatsapp.net","xp":503,"level":1},{"jid":"62852834278600@s.whatsapp.net","xp":1007,"level":1},{"jid":"6281291867192@s.whatsapp.net","xp":1007,"level":1},{"jid":"6282152847691@s.whatsapp.net","xp":1012,"level":1},{"jid":"6287859136819@s.whatsapp.net","xp":503,"level":1},{"jid":"6282255447127@s.whatsapp.net","xp":1517,"level":1},{"jid":"6289627545720@s.whatsapp.net","xp":5544,"level":2},{"jid":"6288286729374@s.whatsapp.net","xp":2022,"level":1},{"jid":"6289635795004@s.whatsapp.net","xp":11624,"level":2},{"jid":"6283863042501@s.whatsapp.net","xp":1007,"level":1},{"jid":"6282293101206@s.whatsapp.net","xp":3017,"level":1},{"jid":"6281296359821@s.whatsapp.net","xp":2519,"level":1},{"jid":"6281292758479@s.whatsapp.net","xp":4547,"level":1},{"jid":"6282133231668@s.whatsapp.net","xp":1007,"level":1},{"jid":"6285315413002@s.whatsapp.net","xp":12122,"level":2},{"jid":"6289602746255@s.whatsapp.net","xp":41894,"level":4},{"jid":"6289602256549@s.whatsapp.net","xp":508,"level":1},{"jid":"6282298150701@s.whatsapp.net","xp":2524,"level":1},{"jid":"6281389644405@s.whatsapp.net","xp":1519,"level":1},{"jid":"62895383079494@s.whatsapp.net","xp":2023,"level":1},{"jid":"6282346551300@s.whatsapp.net","xp":1010,"level":1},{"jid":"6285249070792@s.whatsapp.net","xp":1009,"level":1},{"jid":"6287773915250@s.whatsapp.net","xp":507,"level":1},{"jid":"6282173231509@s.whatsapp.net","xp":1008,"level":1},{"jid":"6281293204403@s.whatsapp.net","xp":4545,"level":1},{"jid":"6282321223628@s.whatsapp.net","xp":4024,"level":1},{"jid":"6282335594301@s.whatsapp.net","xp":1007,"level":1},{"jid":"6283807240703@s.whatsapp.net","xp":509,"level":1},{"jid":"6288296428470@s.whatsapp.net","xp":1010,"level":1},{"jid":"6281324967366@s.whatsapp.net","xp":5544,"level":2},{"jid":"6283165311213@s.whatsapp.net","xp":1009,"level":1},{"jid":"6281343566264@s.whatsapp.net","xp":1013,"level":1},{"jid":"6283836738347@s.whatsapp.net","xp":18673,"level":3},{"jid":"6285792981453@s.whatsapp.net","xp":1515,"level":1},{"jid":"62881025952948@s.whatsapp.net","xp":3033,"level":1},{"jid":"6282288488687@s.whatsapp.net","xp":3029,"level":1},{"jid":"6289633165467@s.whatsapp.net","xp":509,"level":1},{"jid":"6281228174488@s.whatsapp.net","xp":2517,"level":1},{"jid":"6283179089618@s.whatsapp.net","xp":1010,"level":1},{"jid":"6282142990095@s.whatsapp.net","xp":504,"level":1},{"jid":"6281273176918@s.whatsapp.net","xp":510,"level":1},{"jid":"6288806115373@s.whatsapp.net","xp":504,"level":1},{"jid":"6285643014776@s.whatsapp.net","xp":1010,"level":1},{"jid":"6285215936225@s.whatsapp.net","xp":1011,"level":1},{"jid":"6285772110578@s.whatsapp.net","xp":1519,"level":1},{"jid":"6285648059978@s.whatsapp.net","xp":4041,"level":1},{"jid":"6281334122904@s.whatsapp.net","xp":3039,"level":1},{"jid":"6282143715493@s.whatsapp.net","xp":504,"level":1},{"jid":"12084238755@s.whatsapp.net","xp":2519,"level":1},{"jid":"6285215947994@s.whatsapp.net","xp":501,"level":1},{"jid":"6281296134358@s.whatsapp.net","xp":509,"level":1},{"jid":"6285821959391@s.whatsapp.net","xp":506,"level":1},{"jid":"6282322747097@s.whatsapp.net","xp":2018,"level":1},{"jid":"6281345606974@s.whatsapp.net","xp":1514,"level":1},{"jid":"6289636005507@s.whatsapp.net","xp":1016,"level":1},{"jid":"6285759417683@s.whatsapp.net","xp":22695,"level":3},{"jid":"6283198091654@s.whatsapp.net","xp":4045,"level":1},{"jid":"62818722007@s.whatsapp.net","xp":1010,"level":1},{"jid":"6282351062305@s.whatsapp.net","xp":504,"level":1},{"jid":"6287851653353@s.whatsapp.net","xp":510,"level":1},{"jid":"6281774124920@s.whatsapp.net","xp":503,"level":1},{"jid":"6283832327408@s.whatsapp.net","xp":5035,"level":2},{"jid":"6281312013756@s.whatsapp.net","xp":1005,"level":1},{"jid":"6281908660302@s.whatsapp.net","xp":508,"level":1},{"jid":"6285334108824@s.whatsapp.net","xp":509,"level":1},{"jid":"6283174604717@s.whatsapp.net","xp":1011,"level":1},{"jid":"6288232345022@s.whatsapp.net","xp":1521,"level":1},{"jid":"6285282442492@s.whatsapp.net","xp":2522,"level":1},{"jid":"62859196200618@s.whatsapp.net","xp":509,"level":1},{"jid":"6283139490824@s.whatsapp.net","xp":1510,"level":1},{"jid":"62821349005531@s.whatsapp.net","xp":15140,"level":3},{"jid":"62821150775960@s.whatsapp.net","xp":18151,"level":3},{"jid":"6283872898929@s.whatsapp.net","xp":1511,"level":1},{"jid":"62856400201659@s.whatsapp.net","xp":36307,"level":4},{"jid":"6281287517029@s.whatsapp.net","xp":501,"level":1},{"jid":"6285765654323@s.whatsapp.net","xp":2519,"level":1},{"jid":"6285865781508@s.whatsapp.net","xp":8088,"level":2},{"jid":"62895331406727@s.whatsapp.net","xp":5038,"level":2},{"jid":"6282370531714@s.whatsapp.net","xp":5561,"level":2},{"jid":"6287718104871@s.whatsapp.net","xp":509,"level":1},{"jid":"6285157041556@s.whatsapp.net","xp":510,"level":1},{"jid":"6282328805299@s.whatsapp.net","xp":1003,"level":1}]